id,first_name,last_name,email,job_title,company
"1,Robert,Parks,cjackson@example.org,""Horticulturist, commercial"",""Rivera, Walker and King"""
2,Natalie,Daniels,dominguezamy@example.com,Emergency planning/management officer,Fischer Ltd
"3,John,Jenkins,jeffrey94@example.org,""Programmer, systems"",Franklin PLC"
4,Patricia,Wagner,twalsh@example.org,Astronomer,Thomas-Guerra
5,Connie,Bowen,karenstewart@example.org,Learning disability nurse,Taylor-Garcia
"6,Valerie,Johnson,robert82@example.com,""Librarian, academic"",Lewis-Simon"
7,Jamie,Clark,ijones@example.net,Social researcher,Robinson and Sons
"8,Sarah,Martinez,drichardson@example.com,Community development worker,""West, Dean and Torres"""
9,Suzanne,Torres,sonyaherring@example.com,Garment/textile technologist,Perry and Sons
"10,Tim,Tran,uconley@example.net,""Buyer, retail"",""Armstrong, Brown and Brady"""
